Subject,Insular_Cortex_otherpainrest_MeanPeakStat,Insular_Cortex_otherpainrest_MeanClusterSize,Insular_Cortex_selfpain_MeanPeakStat,Insular_Cortex_selfpain_MeanClusterSize,Insular_Cortex_otherpain_MeanPeakStat,Insular_Cortex_otherpain_MeanClusterSize,Insular_Cortex_selfpainanticipation_MeanPeakStat,Insular_Cortex_selfpainanticipation_MeanClusterSize,Insular_Cortex_selfpainrest_MeanPeakStat,Insular_Cortex_selfpainrest_MeanClusterSize,"Cingulate_Gyrus,_anterior_division_otherpainrest_MeanPeakStat","Cingulate_Gyrus,_anterior_division_otherpainrest_MeanClusterSize","Cingulate_Gyrus,_anterior_division_selfnopain_MeanPeakStat","Cingulate_Gyrus,_anterior_division_selfnopain_MeanClusterSize","Cingulate_Gyrus,_anterior_division_selfpain_MeanPeakStat","Cingulate_Gyrus,_anterior_division_selfpain_MeanClusterSize","Cingulate_Gyrus,_anterior_division_otherpain_MeanPeakStat","Cingulate_Gyrus,_anterior_division_otherpain_MeanClusterSize","Cingulate_Gyrus,_anterior_division_selfpainpaincue_MeanPeakStat","Cingulate_Gyrus,_anterior_division_selfpainpaincue_MeanClusterSize","Cingulate_Gyrus,_anterior_division_otherneutralanticipation_MeanPeakStat","Cingulate_Gyrus,_anterior_division_otherneutralanticipation_MeanClusterSize","Cingulate_Gyrus,_anterior_division_othernopainrest_MeanPeakStat","Cingulate_Gyrus,_anterior_division_othernopainrest_MeanClusterSize",Insular_Cortex_otherpainanticipation_MeanPeakStat,Insular_Cortex_otherpainanticipation_MeanClusterSize,Insular_Cortex_selfpainpaincue_MeanPeakStat,Insular_Cortex_selfpainpaincue_MeanClusterSize,Insular_Cortex_othernopain_MeanPeakStat,Insular_Cortex_othernopain_MeanClusterSize,Insular_Cortex_othernopainrest_MeanPeakStat,Insular_Cortex_othernopainrest_MeanClusterSize,"Cingulate_Gyrus,_anterior_division_othernopain_MeanPeakStat","Cingulate_Gyrus,_anterior_division_othernopain_MeanClusterSize","Cingulate_Gyrus,_anterior_division_selfpainanticipation_MeanPeakStat","Cingulate_Gyrus,_anterior_division_selfpainanticipation_MeanClusterSize","Cingulate_Gyrus,_anterior_division_selfpainrest_MeanPeakStat","Cingulate_Gyrus,_anterior_division_selfpainrest_MeanClusterSize",Insular_Cortex_selfneutralanticipation_MeanPeakStat,Insular_Cortex_selfneutralanticipation_MeanClusterSize,Insular_Cortex_otherpainpaincue_MeanPeakStat,Insular_Cortex_otherpainpaincue_MeanClusterSize,Insular_Cortex_selfneutralcue_MeanPeakStat,Insular_Cortex_selfneutralcue_MeanClusterSize,Insular_Cortex_selfnopainrest_MeanPeakStat,Insular_Cortex_selfnopainrest_MeanClusterSize,Insular_Cortex_otherneutralanticipation_MeanPeakStat,Insular_Cortex_otherneutralanticipation_MeanClusterSize,Insular_Cortex_selfnopain_MeanPeakStat,Insular_Cortex_selfnopain_MeanClusterSize,"Cingulate_Gyrus,_anterior_division_selfneutralanticipation_MeanPeakStat","Cingulate_Gyrus,_anterior_division_selfneutralanticipation_MeanClusterSize","Cingulate_Gyrus,_anterior_division_otherpainanticipation_MeanPeakStat","Cingulate_Gyrus,_anterior_division_otherpainanticipation_MeanClusterSize","Cingulate_Gyrus,_anterior_division_selfneutralcue_MeanPeakStat","Cingulate_Gyrus,_anterior_division_selfneutralcue_MeanClusterSize","Cingulate_Gyrus,_anterior_division_selfnopainrest_MeanPeakStat","Cingulate_Gyrus,_anterior_division_selfnopainrest_MeanClusterSize","Cingulate_Gyrus,_anterior_division_otherneutralcue_MeanPeakStat","Cingulate_Gyrus,_anterior_division_otherneutralcue_MeanClusterSize",Insular_Cortex_otherneutralcue_MeanPeakStat,Insular_Cortex_otherneutralcue_MeanClusterSize,"Cingulate_Gyrus,_anterior_division_otherpainpaincue_MeanPeakStat","Cingulate_Gyrus,_anterior_division_otherpainpaincue_MeanClusterSize"
sub-001,3.709013826778733,33.75,,,,,,,3.169190185451361,27.0,3.7245968026749297,32.4,3.511530207926412,27.0,,,,,,,3.3776049708962566,27.0,,,,,,,,,,,,,,,,,3.37158414359106,27.0,3.207223364991002,27.0,,,,,,,,,3.416861090012197,45.0,,,,,3.3712042303791456,27.0,,,3.502573024440863,27.0,3.763690666621726,54.0
sub-002,3.3439205903862432,27.0,,,,,,,3.1588756642266795,27.0,,,3.3233447403273995,27.0,,,,,,,3.5797378525606884,27.0,,,,,,,,,,,3.783207648306109,54.0,3.519393209041842,45.0,3.2799062902054272,27.0,3.3641268855493514,27.0,3.602546684102171,32.4,3.6039973968844747,27.0,3.702614104684978,27.0,3.4157382045742075,27.0,3.2040246495726583,27.0,,,,,3.465128718780138,45.0,,,,,,,3.634405501859586,37.8
sub-003,,,3.453879327824509,27.0,,,,,3.6502159191001464,40.5,3.7455644855119137,27.0,3.543438017596725,27.0,3.5553381580339725,27.0,3.318748551423525,27.0,3.2759361284379116,27.0,,,,,3.3153632196747185,54.0,3.138037179292419,27.0,,,3.109441306252668,27.0,,,3.2139869337530413,27.0,3.479523659425467,27.0,,,,,,,3.3585990693740646,27.0,,,,,3.2795749511282097,27.0,4.106177493713973,27.0,,,3.5359919178400463,27.0,,,,,,
sub-004,3.365360816905364,27.0,3.4896996126152073,43.2,3.349479807286823,27.0,,,,,3.1438561747611513,27.0,,,3.9105691554312294,27.0,,,3.597071669931838,29.7,,,3.3400587298245457,27.0,,,3.2587386546838517,27.0,,,3.1853241216867514,27.0,,,,,3.469914403472779,27.0,,,3.3196666300718007,27.0,3.137166179264739,27.0,3.420526922088074,27.0,,,3.6708410235756617,27.0,,,3.1861334392114573,27.0,,,3.3778168753920212,27.0,,,,,3.3914599405728016,27.0
sub-005,3.375051471790171,36.0,,,3.608939683393895,27.0,3.498431481754329,27.0,,,,,,,,,,,,,3.4663103301676195,48.6,,,3.630984074770069,40.5,,,,,,,,,3.397032249821239,27.0,3.6233001914035254,27.0,,,,,3.3964690672239364,27.0,3.131219523575974,27.0,3.170414694758778,27.0,3.293447318262691,27.0,,,,,3.5298169977885374,54.0,3.114773322513412,27.0,,,,,,
sub-006,3.5403239077808037,54.0,,,,,,,,,,,,,,,3.103297646546607,27.0,,,,,3.3401998983735943,27.0,3.300371328547116,27.0,3.639725641924091,27.0,3.7539106301989755,54.0,,,,,,,,,3.5862121257568154,27.0,3.4740220350514157,27.0,3.167534197825427,27.0,3.1568633984823053,27.0,3.3523435916102216,27.0,3.296234922054742,27.0,,,3.5236937141673135,27.0,,,3.764283837475093,54.0,,,3.4059778257944178,27.0,3.1760713088102577,27.0
sub-007,,,3.832417776861676,27.0,3.2814258381726895,27.0,3.345256100437782,27.0,3.2898202094315923,27.0,,,,,3.189320023942479,27.0,,,,,,,3.182708479487308,27.0,,,,,,,3.1454834296141105,27.0,,,3.138249649256613,27.0,,,3.223550339413424,27.0,3.1997163218166653,27.0,,,,,,,,,,,,,,,3.5652728660635846,27.0,,,,,,
sub-008,,,,,,,3.4113494826636734,27.0,3.2442599729741546,36.0,,,3.318396601742341,27.0,,,,,,,3.2512538123618784,27.0,3.3671177770245726,27.0,3.4119270048103387,33.75,3.109697565445472,27.0,,,,,,,,,3.2236513408550915,27.0,3.277583392483238,27.0,3.2917911853157333,27.0,3.1743308644772394,40.5,3.484846802696159,27.0,3.459491873561771,27.0,3.1768452115254666,27.0,,,3.408908233841457,36.0,3.2212514565740435,33.75,3.47980382565149,27.0,,,3.113627440277196,40.5,3.1879986535077967,27.0
sub-014,,,,,3.211874510994531,27.0,,,3.4405447366050383,27.0,,,3.5682903061288904,38.25,,,,,3.205645478109092,27.0,,,3.6893107344086586,54.0,,,3.1144902711010443,27.0,,,3.5566759970753847,54.0,,,,,,,,,3.8818946687069076,27.0,,,3.827364582384748,40.5,,,3.72083976196099,50.625,,,,,,,3.3977336653886594,81.0,,,,,3.4781594089411976,27.0
sub-018,3.185326470717871,27.0,,,3.3055782118663912,27.0,3.4671854828077016,37.8,,,,,3.387542369199923,27.0,3.2741437137818927,27.0,,,3.299409864347228,27.0,3.360219746398783,54.0,3.231041003320408,27.0,4.30251697550949,54.0,,,3.2614482174438812,27.0,,,3.2733265099551936,27.0,,,,,3.315481399323136,27.0,,,3.2036168347051026,27.0,4.044772495473951,27.0,3.317594436314567,27.0,3.469761828335747,27.0,,,3.2218439700582175,40.5,,,,,,,,,3.2244461110800073,27.0
sub-031,3.450498567379059,27.0,,,3.332150230698375,36.0,3.2076344371265235,27.0,,,,,3.403765161084317,27.0,3.2016982697051866,27.0,3.473906150161277,41.72727272727273,3.3867355622156263,27.0,3.371811607927224,27.0,3.4785166092616397,27.0,3.224416414383538,27.0,,,,,,,,,,,3.213680510434304,27.0,3.4463680039207736,54.0,3.409000202945476,27.0,,,4.154979544475323,54.0,3.7300039889059384,27.0,3.5301290682048196,27.0,3.658809856261177,37.8,4.754940316838674,40.5,3.1564214074867554,27.0,3.2291479077150544,27.0,3.140560976876869,27.0,,,,
sub-034,,,3.2453549914313595,54.0,3.6170083835264317,27.0,3.5544729215884208,36.0,3.2592075466122834,27.0,,,,,,,3.289971411815502,27.0,,,3.294363025879094,27.0,,,3.1524109723173015,27.0,3.4486378137696065,27.0,4.1563379644694916,27.0,,,3.2470446948927263,40.5,3.5673582008736284,27.0,,,,,3.1273493778185,27.0,,,,,3.2044116838895818,27.0,,,3.4358544748715993,27.0,,,3.1670175651266543,27.0,3.116617307585813,27.0,3.427210427818041,27.0,,,,
sub-039,3.6064208951450962,27.0,,,3.197592220118866,27.0,3.3176279523983414,27.0,3.522000933073849,27.0,3.1992580025833988,27.0,3.6167797863914095,27.0,3.380659379747966,27.0,3.385446098301374,27.0,,,,,3.5489857937501625,27.0,3.1552910695520824,27.0,3.16769058914741,27.0,3.24637098894255,27.0,3.2068370205202124,27.0,,,3.782220449424496,27.0,3.3230779764202767,27.0,3.261210843529563,27.0,,,3.2482692472743295,27.0,3.6096460329691578,27.0,,,3.346894866273268,47.25,,,,,3.1391832325712348,27.0,,,,,,,,
sub-043,,,3.5650878187114485,27.0,3.3614431095334396,27.0,3.759600646301726,48.6,3.4111042599544805,27.0,,,3.1421104459918063,27.0,3.2554542656377756,27.0,,,,,,,,,,,3.120761048597414,27.0,4.015364610043632,27.0,,,3.5312181606446025,33.75,3.4261139210739042,33.75,,,,,,,,,,,,,3.575519124576267,27.0,,,3.434541822797049,27.0,,,,,,,3.150470246386648,27.0,,
sub-050,3.3037999559106472,54.0,3.17526197293891,27.0,,,,,3.1020684740000823,27.0,3.248055136168024,27.0,3.2358530658867903,27.0,,,,,3.346997503440509,27.0,3.268588100904256,27.0,,,3.538046162856238,27.0,,,3.447654496773803,27.0,3.611123746365218,27.0,3.1679587232327315,27.0,,,3.436640372147908,27.0,3.339480466524925,27.0,3.851066938188836,27.0,,,,,,,3.4751483231653544,27.0,,,3.10602564269781,27.0,,,3.1560164879817685,27.0,,,,,3.2356998408178317,27.0
sub-052,3.1041535961709665,27.0,,,3.1160143371993296,27.0,3.2129719452195165,27.0,,,3.1269356236189965,27.0,,,,,3.208430302043949,27.0,3.530576427042423,27.0,,,,,,,3.283417720904772,27.0,,,,,,,,,,,,,,,,,,,3.348599610315045,27.0,,,,,,,3.485596565592009,27.0,,,,,,,,
sub-053,3.485788878105495,27.0,,,3.2944892316881047,27.0,,,,,3.542285193930633,46.63636363636363,,,,,3.140185179844563,27.0,,,3.1944180370525963,27.0,,,3.1627730721241982,27.0,3.398551542748965,27.0,3.141056518832694,27.0,,,3.426383030058828,27.0,,,,,,,,,,,,,3.450653700358077,27.0,,,,,,,,,,,3.574347953570981,81.0,,,,
sub-057,,,,,3.27244491177797,27.0,,,,,,,,,,,,,3.3403129376660257,27.0,3.252970914505022,27.0,3.516452959555311,27.0,3.422265208138045,27.0,3.309651098183216,27.0,3.26478159340618,27.0,,,,,,,3.1570045761234407,27.0,,,,,3.5499867555579097,27.0,,,,,,,,,3.110629793590157,27.0,3.19766344981782,27.0,,,3.257043191196587,27.0,3.410323030389584,27.0,,
sub-058,,,,,,,,,3.209471682874645,27.0,,,,,,,,,,,3.131362571187545,27.0,,,3.264443585061029,27.0,,,,,,,,,,,3.8799170193280665,27.0,,,3.3286221689513704,27.0,,,,,3.5036810476758107,27.0,,,,,3.598689050734097,27.0,3.125180222702724,27.0,3.36266036661419,27.0,3.8579956401967648,27.0,3.2617927234848247,27.0,,
sub-063,3.343168192445977,27.0,,,3.1982470984100932,27.0,,,3.156126375627185,27.0,3.655175919462292,47.25,,,,,,,3.824469867175127,27.0,3.300935593984349,27.0,3.3612683069270304,27.0,3.208515770301851,27.0,3.2601623476903034,40.5,3.126163731979747,27.0,3.626367936015348,27.0,,,,,3.259093395339609,27.0,,,,,,,3.243177128531891,27.0,3.5394623161177314,27.0,,,,,3.3142799987477742,27.0,3.5208979407198493,108.0,,,3.6202753988140355,103.5,3.5735274826421435,27.0,,
sub-064,3.3986932519231647,31.5,,,,,,,,,,,3.238153106025487,27.0,,,3.258879942757934,27.0,3.212319312268545,27.0,,,3.4425983716263016,34.36363636363637,,,,,3.5048722783947923,27.0,3.6054151989735317,41.53846153846154,,,,,,,3.3881140825519966,36.0,3.8167060022896,58.15384615384615,3.564250248876256,40.885714285714286,,,,,,,3.277948008308175,27.0,,,3.535729087041415,36.642857142857146,,,,,,,3.5710115645216853,54.0
sub-067,3.7981037080508617,36.0,4.194122076986756,27.0,3.3646844460923218,27.0,3.221192928933747,27.0,3.638628054899054,27.0,3.38308271400572,31.5,3.2700232208307427,27.0,3.3410173717808878,27.0,3.225263076245481,27.0,3.647677402321672,27.0,3.650820676292608,27.0,3.4063673002110604,27.0,,,,,,,,,,,,,,,,,,,,,,,,,,,,,,,,,,,,,,,,
sub-071,,,,,,,,,,,,,,,,,3.292126322785642,27.0,,,,,3.144739994765512,27.0,,,,,3.191128002090208,27.0,3.5332137360469247,27.0,3.1576517868666247,27.0,,,,,,,,,,,,,,,,,,,,,,,3.868221548214072,27.0,3.4137521651689777,27.0,,,,
sub-074,3.2086395152877243,27.0,3.3296103991739776,32.4,3.151276176229926,27.0,,,,,,,3.533041283102882,27.0,3.567870677289744,36.0,3.644487734411905,54.0,3.1011436641226684,27.0,3.518074933634904,27.0,3.156989700191884,27.0,,,3.6888403748189473,27.0,3.3669231013089367,27.0,3.888327498642011,27.0,3.7400390619223978,47.25,3.382669338829996,27.0,3.1904670418529815,27.0,3.2456521642218648,27.0,3.245893622354275,27.0,,,,,,,,,3.3591239150183645,27.0,,,,,,,3.633887838014634,27.0,,,3.6565284964281783,27.0
sub-075,3.1290294660111466,27.0,,,,,,,3.2977115986079317,27.0,,,,,3.2982895655794477,27.0,,,,,3.3911792068816156,63.0,,,,,,,3.2125683734032298,27.0,3.1386513716537285,27.0,3.3694064547358664,27.0,,,3.2336526036031663,27.0,,,3.3605456506978526,32.4,,,3.136575106215914,27.0,3.660634064537507,27.0,3.1785358443173286,27.0,3.121878597602786,27.0,,,,,4.06735902306284,81.0,,,3.236235675936408,27.0,3.3731809944628672,27.0
sub-076,,,,,3.1344776538767114,27.0,,,,,,,3.4998826593652095,27.0,,,3.193166816074117,27.0,3.4010035633390827,27.0,3.811895818556768,54.0,3.5521648507874324,27.0,,,3.184947810064582,27.0,,,3.2089198925606848,27.0,,,,,3.139114413876446,27.0,,,,,,,,,,,3.545838031714464,27.0,3.622427899236452,27.0,,,3.108827064196749,27.0,3.467581074298082,27.0,3.6565153467972658,27.0,,,,
sub-081,,,3.2716710597431056,27.0,,,,,,,,,,,,,3.301536148058706,27.0,,,3.3198235747009877,27.0,,,,,,,,,,,,,,,,,3.2449371931375226,27.0,,,,,,,3.166928128635516,27.0,,,,,,,,,,,,,3.456469598490145,27.0,,
sub-088,,,3.2896617564940858,27.0,3.742650023463089,40.5,3.356770759232363,27.0,,,3.1403869046219635,27.0,3.291881465425615,27.0,3.7889619439022635,40.5,3.4987642213292656,45.0,,,,,,,3.1590035936177263,27.0,,,,,,,,,3.852993354777277,27.0,3.1325149842106046,27.0,3.131350955318561,27.0,3.3596939706891273,27.0,3.1791817095399955,27.0,3.2783065232099875,27.0,3.2302477637026574,27.0,3.311483357641967,27.0,3.3284268930753886,27.0,3.6217770179169726,27.0,3.754193749705058,27.0,3.449463127467144,27.0,,,,,,
sub-102,3.2131751599606457,27.0,,,3.8199562383194103,54.0,,,,,,,,,,,3.380128191535376,37.38461538461539,3.4542390489647388,45.0,3.5785676853712394,27.0,3.29939740260483,36.0,,,3.475554523108331,54.0,,,3.280031040161501,27.0,3.419641104967443,27.0,,,,,,,3.3770356413442166,29.25,,,,,,,3.2106900290305007,27.0,,,3.4054164024820963,27.0,,,,,,,,,3.3103281024632545,44.357142857142854
sub-106,3.1155077289714095,27.0,3.237058499321548,27.0,3.3210604403592696,27.0,3.433995480969722,27.0,3.132135095057458,27.0,3.764598012928904,27.0,,,3.1371500697522623,27.0,,,3.3233390187387313,27.0,,,,,,,,,3.70189981265519,27.0,3.4255469584059157,27.0,,,3.602473686195576,27.0,3.2618189276281453,27.0,,,,,,,3.1552512162301025,27.0,3.649607465017096,27.0,,,,,3.102223325242917,27.0,3.443765457880979,36.0,,,,,3.144439368178968,27.0,,
sub-109,3.2173357252387476,27.0,3.380406716284047,27.0,,,3.362441618878582,27.0,3.589777000844941,27.0,,,3.3295411594134374,27.0,,,3.5657085525006194,27.0,3.293825765646977,27.0,3.146232068226092,27.0,,,3.3388772579681465,27.0,3.58933619225967,27.0,,,,,3.3432817470901055,27.0,3.114187940466822,27.0,,,3.1620476771592587,27.0,3.4447491577942655,27.0,,,,,,,,,,,3.660811726642778,27.0,3.2489992218740817,27.0,,,,,3.277704789899399,27.0,,
sub-115,,,3.4150370658663594,27.0,3.203984127766645,27.0,3.3541089466598573,27.0,3.3129155196471247,27.0,4.355569469441282,108.0,,,,,3.145931937187242,27.0,3.3733517319977095,27.0,,,,,3.1502006164344287,27.0,3.5527480601277035,27.0,3.363366297540498,40.5,3.182874758563004,27.0,3.3160898728693096,27.0,3.1220576566563425,27.0,3.221501189448023,27.0,,,,,,,,,,,,,,,,,,,,,,,,,,
sub-119,3.1857649025688883,27.0,,,,,,,,,4.126864522235463,27.0,3.4383413311425,51.0,3.2195657393419874,27.0,3.49258949217425,27.0,3.326611447374271,27.0,3.3145233356022317,27.0,3.4011081317475327,27.0,,,,,3.201619442948444,27.0,,,3.1011811713630144,27.0,3.3577255315319863,27.0,,,,,,,,,3.369720421659965,33.75,3.626854323968713,27.0,3.50795181806653,33.75,3.6801118981785716,27.0,3.3299534427944297,27.0,,,,,3.714040078269583,27.0,3.22975386904179,27.0,,
sub-122,,,,,,,3.183618498570732,27.0,,,3.5305742073354507,27.0,3.391081892036355,27.0,,,3.2003513835087687,27.0,,,3.1932109840006944,27.0,,,3.5096487606372158,27.0,,,3.194584385603248,27.0,3.5999462219815217,27.0,3.355541749284185,36.0,,,,,3.5961028874651917,27.0,3.111400314981626,27.0,3.505400482310297,27.0,3.1769219023334947,27.0,3.287505809323182,27.0,,,3.6576671398756133,33.75,3.45859020863783,39.27272727272727,3.767938260324618,27.0,,,,,3.236982386625549,40.5,,
sub-130,,,,,,,,,,,3.2512927875455975,27.0,,,,,,,,,,,,,,,3.4648569470443595,27.0,,,3.351868530734953,27.0,,,,,3.2827492936253906,27.0,,,3.3391332779721346,36.0,,,3.47297951531889,27.0,,,,,,,,,,,,,,,3.2573040189275604,27.0,3.219669716156411,27.0
sub-136,3.606820508467827,40.5,3.824292651863412,27.0,3.7626871670581714,27.0,,,3.1064849175772284,27.0,,,,,3.5195619261900113,54.0,,,,,3.293930086105711,72.0,,,3.3937791299853353,27.0,3.4410045455310176,27.0,3.3113688148015523,27.0,3.8910708666476337,40.5,,,4.85599895429479,27.0,,,3.1790344421695194,27.0,3.537643627301934,40.5,3.2091265983985795,27.0,,,3.190628502664135,27.0,,,,,,,,,,,,,,,3.972441528809055,27.0
sub-139,,,3.110096357394045,27.0,,,,,3.2205939977744027,54.0,4.0422368654509,40.5,,,,,,,,,3.469228531322464,36.0,,,3.146089801866866,27.0,,,,,,,3.3306961935977997,27.0,,,,,,,3.114023615972296,27.0,,,3.5309927382984236,27.0,3.3507229698195,27.0,,,,,,,,,,,3.5960138634025913,40.5,3.198040250185356,27.0,,
sub-149,,,3.220316518537755,27.0,,,,,,,,,,,3.5271591742520467,27.0,,,,,3.2939008183538023,27.0,,,,,,,,,,,,,3.469996948727216,27.0,3.410119309775668,27.0,3.5180727403066356,27.0,,,,,,,3.7848062793300343,27.0,,,,,,,,,,,,,,,3.4513621534506633,27.0
sub-154,3.518745703383143,27.0,,,3.259569058383669,36.0,3.6613853174439455,45.0,,,3.1632459332057645,27.0,,,3.3222187285370017,27.0,3.492227785471887,36.0,3.379550950288742,27.0,,,3.5851645039020754,27.0,,,4.228584871482683,189.0,,,,,,,3.475444732554114,34.36363636363637,3.1238664396509357,27.0,,,,,,,,,,,,,,,,,,,,,3.3793566610749934,54.0,3.562163777682287,27.0,,
sub-156,3.2124499948458265,27.0,3.424712847519515,33.75,4.189019308569198,54.0,3.372970736391668,27.0,3.1813339927723536,27.0,,,3.716138688764042,27.0,3.4494538083611315,27.0,3.5482522590047263,27.0,,,,,,,3.251554395834305,27.0,3.6056563064944793,27.0,,,,,,,,,,,3.1860596730276054,27.0,3.344273498180796,27.0,3.8288590677712433,27.0,,,,,,,3.783201484271479,27.0,,,,,3.322566979577034,27.0,,,3.348997598716102,27.0,,
sub-158,3.834080493635427,54.0,3.1093916254519582,27.0,3.3595993253376606,27.0,3.4195946107443156,27.0,,,,,3.7048309371219488,45.0,,,,,3.143776920473887,27.0,3.3171069072983146,27.0,,,,,,,,,,,,,3.4546430269653663,27.0,3.148558916005214,27.0,,,,,,,,,,,3.401233434497237,33.75,,,,,,,3.2431824066144412,27.0,3.3312457493005487,27.0,,,,
sub-159,3.185641351632754,27.0,,,3.51714971576994,27.0,4.0224329582938285,27.0,,,3.607606513999805,27.0,3.770369377768162,37.8,,,3.114106741627706,27.0,,,3.708914658288596,54.0,,,3.2752322462375414,27.0,,,,,,,,,,,,,,,,,,,3.1460807257641683,27.0,,,3.5347757687275476,36.0,3.1916859394104526,27.0,,,,,,,,,,,,
sub-167,,,,,3.22138216832708,54.0,3.151202427848284,27.0,,,,,,,,,,,,,,,3.533233179277362,27.0,,,,,,,3.4414118739241757,27.0,3.269648417623865,27.0,,,3.486314970322779,27.0,,,,,,,3.3452310982290228,27.0,,,3.19061482990651,27.0,,,,,3.397790310517508,54.0,,,3.776928886381924,27.0,3.254516454378702,27.0,3.250751053537304,27.0
sub-169,3.607115174060646,27.0,3.35160721147491,27.0,3.224961806010201,27.0,3.7315648886639314,54.0,3.2672864168913063,40.5,3.53491014740091,54.0,3.1783329850099458,27.0,,,3.2618864778486,27.0,,,3.4037319956686165,27.0,,,,,3.4382369795753798,27.0,3.2955338784375487,36.0,,,3.521461816251946,27.0,3.2297673975432493,27.0,,,,,,,,,,,3.409861871028231,27.0,3.3508019152812167,27.0,,,,,,,,,,,,,,
sub-179,,,,,3.886393074844914,27.0,3.350849299071972,27.0,3.406724188382805,27.0,3.1612241107443633,27.0,,,3.4243420970426754,40.5,3.4268579072735417,27.0,4.068770383284146,40.5,,,3.479211716436266,27.0,3.3931567311824296,27.0,3.514056034030032,40.5,3.286335362206183,54.0,3.569575664346902,27.0,,,3.307157227477331,27.0,,,3.130208721939761,27.0,3.2177824914634536,27.0,3.13663616386728,27.0,3.1752642391151404,27.0,,,,,,,3.1443648429706843,27.0,3.3212164240869626,27.0,4.13630862996446,27.0,3.4667483849203102,27.0,3.2609957893162953,27.0,3.396191005212816,33.75
sub-180,,,3.6609408785115214,27.0,,,3.3094897815399866,27.0,3.1169102899840744,27.0,3.7604496683955113,27.0,,,3.181379638383636,27.0,,,3.2298247637309894,27.0,,,3.3432836172549973,27.0,3.3677689129866386,27.0,,,,,3.293709149803938,27.0,,,,,,,,,3.225702094316617,27.0,,,,,3.2092734729499734,27.0,,,,,,,,,3.2253316009095387,27.0,,,,,3.1092140431237736,27.0
sub-187,,,3.212453143002219,27.0,3.327366732506932,27.0,3.6812202809756105,27.0,,,3.4026496546748453,27.0,3.5340334621982796,27.0,3.6615861504311846,27.0,3.2361450967179977,27.0,,,3.2502956363646156,27.0,3.5544805683051592,36.0,3.379638618406985,37.8,3.392387630204611,27.0,3.1638289042719823,27.0,3.418298969444572,27.0,3.133346599742657,27.0,3.190911961251688,27.0,,,3.5383234070467076,27.0,3.13287033102086,27.0,,,,,,,3.4126991217684335,27.0,,,,,,,,,,,,,,
sub-191,3.4067563791602833,27.0,,,,,,,3.4657917688250355,27.0,3.342934100636035,27.0,3.13997772839922,27.0,,,,,,,,,3.3898823847652593,27.0,,,,,,,3.3113587235452564,27.0,,,,,3.673350156954624,27.0,3.2620274819456068,27.0,,,,,3.1132412079194225,27.0,3.3011026914618093,27.0,,,,,,,3.5963282970762345,27.0,,,,,3.401976815296157,27.0,3.345025525083467,27.0
sub-192,3.1596029289978027,27.0,3.5777284025428564,54.0,3.411347308258887,27.0,,,3.7227618039174635,27.0,3.2771564247989495,27.0,,,,,,,,,3.4262668181433122,30.0,3.1768180695682813,27.0,3.4823954620565596,27.0,3.576199646296327,27.0,,,3.3537491851282386,27.0,,,,,3.4605687440286923,27.0,3.950421396965736,27.0,3.251176469711623,27.0,,,3.4512619036612096,27.0,3.584219108575269,34.36363636363637,,,,,,,3.5428771414762337,27.0,3.5764026985670863,45.0,,,3.2563737664197965,27.0,4.1371796269835155,54.0
sub-193,3.1151747303203448,27.0,,,,,3.3146206504964333,27.0,3.671003786476236,27.0,3.1415503972444507,27.0,3.148488754147935,27.0,,,,,3.1759730648200692,27.0,,,,,3.138211522913425,27.0,,,,,3.2415953258552284,27.0,,,3.434772111776686,27.0,,,3.219640906005141,27.0,3.2184698990755427,27.0,,,3.471884256023062,33.75,,,3.4223539740024616,27.0,3.4357959558840743,27.0,,,3.684751935849499,27.0,3.1609107389459696,27.0,,,,,,
sub-194,3.6502974838352635,27.0,3.7993640171540206,27.0,3.3249740771422878,27.0,3.159280801955961,27.0,3.4554232777621534,27.0,3.2760123521806315,27.0,,,,,3.4276512000385564,27.0,,,3.391705910370776,27.0,,,3.448629878744703,27.0,,,,,3.609082283615945,27.0,,,,,3.232291104033746,27.0,,,3.4161620717966885,35.1,,,3.403888510108616,27.0,3.3687134344352136,27.0,4.35001679821344,27.0,,,,,,,,,,,3.1141983679978624,27.0,3.6596605468271814,43.61538461538461
sub-195,,,,,3.4104777578162624,27.0,3.1058374583076707,27.0,,,,,3.4034886535549687,27.0,3.561953507763526,40.5,3.2507632633512884,27.0,3.4181130253490952,27.0,3.1565650996639816,27.0,3.10590616214183,27.0,3.212531412787598,27.0,3.4637263163295477,27.0,,,,,,,3.506494263891783,27.0,3.5312331574476197,27.0,3.1998625494823383,27.0,3.1797972351258394,27.0,3.4884526463753196,27.0,,,3.285808491199591,27.0,3.762790588595119,33.75,,,3.248060193589854,27.0,,,,,,,3.702904643465838,27.0,3.2824432165389648,27.0
sub-196,,,3.19982995972419,27.0,3.1344180160728934,27.0,,,3.271834664603774,27.0,,,,,,,4.372461562729927,27.0,,,3.365547522718233,27.0,3.421421606432601,63.0,3.1719808377236927,27.0,,,,,3.901387268653455,54.0,,,,,3.159448139105979,27.0,,,,,,,3.3890219403172734,40.5,3.548695835285819,27.0,,,,,3.1491346461402903,27.0,,,3.306213475288402,33.75,,,,,3.627289880428098,27.0
sub-197,3.373286407054576,27.0,3.3405463775362305,27.0,3.635734719513541,27.0,,,3.1923252755736775,36.0,3.192635839918642,27.0,,,3.3096530797417083,27.0,3.5340178166733516,27.0,3.173402999576947,27.0,,,,,,,3.321709035185786,27.0,,,,,,,3.2795774025473348,27.0,3.3285945372184824,30.857142857142858,,,,,3.142431663708019,27.0,,,,,3.5908529519520527,27.0,,,3.618875582496379,27.0,3.7657008039634303,27.0,,,,,,,,
